Setting;Value type;Default value;Location;Comment;Min PHP version;Max PHP version;Module;Min module version;Max module version
allow_call_time_pass_reference;VALUE_TYPE_INTEGER;1;PHP_INI_PERDIR;"PHP_INI_ALL in PHP 4.0.0. Removed in PHP 5.4.0.";;5.4.0;;;
allow_url_fopen;VALUE_TYPE_INTEGER;1;PHP_INI_SYSTEM;"PHP_INI_ALL in PHP <= 4.3.4.";;;;;
allow_url_include;VALUE_TYPE_INTEGER;0;PHP_INI_SYSTEM;"Available since PHP 5.2.0.";5.2.0;;;;
always_populate_raw_post_data;VALUE_TYPE_INTEGER;0;PHP_INI_PERDIR;"PHP_INI_ALL in PHP <= 4.2.3. Available since PHP 4.1.0.";4.1.0;;;;
apc.cache_by_default;VALUE_TYPE_INTEGER;1;PHP_INI_ALL;"PHP_INI_SYSTEM in APC <= 3.0.12. Available since APC 3.0.0.";;;APC;3.0.0;
apc.enabled;VALUE_TYPE_INTEGER;1;PHP_INI_SYSTEM;"PHP_INI_SYSTEM in APC 2. PHP_INI_ALL in APC <= 3.0.12.";;;;;
apc.enable_cli;VALUE_TYPE_INTEGER;0;PHP_INI_SYSTEM;"Available since APC 3.0.7.";;;APC;3.0.7;
apc.file_update_protection;VALUE_TYPE_INTEGER;2;PHP_INI_SYSTEM;"Available since APC 3.0.6.";;;APC;3.0.6;
apc.filters;VALUE_TYPE_STRING;NULL;PHP_INI_SYSTEM;"";;;;;
apc.gc_ttl;VALUE_TYPE_INTEGER;3600;PHP_INI_SYSTEM;"";;;;;
apc.include_once_override;VALUE_TYPE_INTEGER;0;PHP_INI_SYSTEM;"Available since APC 3.0.12.";;;APC;3.0.12;
apc.localcache;VALUE_TYPE_INTEGER;0;PHP_INI_SYSTEM;"Available since APC 3.0.14.";;;APC;3.0.14;
apc.localcache.size;VALUE_TYPE_INTEGER;512;PHP_INI_SYSTEM;"Available since APC 3.0.14.";;;APC;3.0.14;
apc.max_file_size;VALUE_TYPE_QUANTITY;1M;PHP_INI_SYSTEM;"Available since APC 3.0.7.";;;APC;3.0.7;
apc.mmap_file_mask;VALUE_TYPE_STRING;NULL;PHP_INI_SYSTEM;"";;;;;
apc.num_files_hint;VALUE_TYPE_INTEGER;1000;PHP_INI_SYSTEM;"";;;;;
apc.optimization;VALUE_TYPE_INTEGER;0;PHP_INI_ALL;"PHP_INI_SYSTEM in APC 2. Removed in APC 3.0.13.";;;APC;;3.0.13
apc.report_autofilter;VALUE_TYPE_INTEGER;0;PHP_INI_SYSTEM;"Available since APC 3.0.11.";;;APC;3.0.11;
apc.rfc1867;VALUE_TYPE_INTEGER;0;PHP_INI_SYSTEM;"Available since APC 3.0.13.";;;APC;3.0.13;
apc.rfc1867_freq;VALUE_TYPE_INTEGER;0;PHP_INI_SYSTEM;"";;;;;
apc.rfc1867_name;VALUE_TYPE_STRING;APC_UPLOAD_PROGRESS;PHP_INI_SYSTEM;"";;;;;
apc.rfc1867_prefix;VALUE_TYPE_STRING;upload_;PHP_INI_SYSTEM;"";;;;;
apc.shm_segments;VALUE_TYPE_INTEGER;1;PHP_INI_SYSTEM;"";;;;;
apc.shm_size;VALUE_TYPE_INTEGER;30;PHP_INI_SYSTEM;"";;;;;
apc.slam_defense;VALUE_TYPE_INTEGER;0;PHP_INI_SYSTEM;"Available since APC 3.0.0.";;;APC;3.0.0;
apc.stat;VALUE_TYPE_INTEGER;1;PHP_INI_SYSTEM;"Available since APC 3.0.10.";;;APC;3.0.10;
apc.stat_ctime;VALUE_TYPE_INTEGER;0;PHP_INI_SYSTEM;"Available since APC 3.0.13.";;;APC;3.0.13;
apc.ttl;VALUE_TYPE_INTEGER;0;PHP_INI_SYSTEM;"Available since APC 3.0.0.";;;APC;3.0.0;
apc.user_entries_hint;VALUE_TYPE_INTEGER;4096;PHP_INI_SYSTEM;"Available since APC 3.0.0.";;;APC;3.0.0;
apc.user_ttl;VALUE_TYPE_INTEGER;0;PHP_INI_SYSTEM;"Available since APC 3.0.0.";;;APC;3.0.0;
apc.write_lock;VALUE_TYPE_INTEGER;1;PHP_INI_SYSTEM;"Available since APC 3.0.11.";;;APC;3.0.11;
apd.bitmask;VALUE_TYPE_INTEGER;0;PHP_INI_ALL;"Removed in apd 0.9.";;;APD;;0.9
apd.dumpdir;VALUE_TYPE_STRING;NULL;PHP_INI_ALL;"";;;;;
apd.statement_tracing;VALUE_TYPE_INTEGER;0;PHP_INI_ALL;"Available since apd 0.9.";;;APD;0.9;
arg_separator.input;VALUE_TYPE_STRING;&;PHP_INI_PERDIR;"Available since PHP 4.0.5.";4.0.5;;;;
arg_separator.output;VALUE_TYPE_STRING;&;PHP_INI_ALL;"Available since PHP 4.0.5.";4.0.5;;;;
asp_tags;VALUE_TYPE_INTEGER;0;PHP_INI_PERDIR;"PHP_INI_ALL in PHP 4.0.0.";;;;;
assert.active;VALUE_TYPE_INTEGER;1;PHP_INI_ALL;"";;;;;
assert.bail;VALUE_TYPE_INTEGER;0;PHP_INI_ALL;"";;;;;
assert.callback;VALUE_TYPE_STRING;NULL;PHP_INI_ALL;"";;;;;
assert.exception;VALUE_TYPE_INTEGER;0;PHP_INI_ALL;"Available since PHP 7.0.0.";7.0.0;;;;
assert.quiet_eval;VALUE_TYPE_INTEGER;0;PHP_INI_ALL;"";;;;;
assert.warning;VALUE_TYPE_INTEGER;1;PHP_INI_ALL;"";;;;;
auto_append_file;VALUE_TYPE_STRING;NULL;PHP_INI_PERDIR;"PHP_INI_ALL in PHP <= 4.2.3.";;;;;
auto_detect_line_endings;VALUE_TYPE_INTEGER;0;PHP_INI_ALL;"Available since PHP 4.3.0.";4.3.0;;;;
auto_globals_jit;VALUE_TYPE_INTEGER;1;PHP_INI_PERDIR;"Available since PHP 5.0.0.";5.0.0;;;;
auto_prepend_file;VALUE_TYPE_STRING;NULL;PHP_INI_PERDIR;"PHP_INI_ALL in PHP <= 4.2.3.";;;;;
axis2.client_home;VALUE_TYPE_STRING;~/work/axisc/c/deply;PHP_INI_ALL;"";;;;;
axis2.enable_exception;VALUE_TYPE_INTEGER;1;PHP_INI_ALL;"";;;;;
axis2.enable_trace;VALUE_TYPE_INTEGER;1;PHP_INI_ALL;"";;;;;
axis2.log_path;VALUE_TYPE_STRING;/tmp;PHP_INI_ALL;"";;;;;
bcmath.scale;VALUE_TYPE_INTEGER;0;PHP_INI_ALL;"";;;;;
bcompiler.enabled;VALUE_TYPE_INTEGER;1;PHP_INI_ALL;"Available since bcompiler 0.8.";;;BCOMPILER;0.8;
blenc.key_file;VALUE_TYPE_STRING;/usr/local/etc/blenckeys;PHP_INI_ALL;"";;;;;
browscap;VALUE_TYPE_STRING;NULL;PHP_INI_SYSTEM;"";;;;;
cgi.check_shebang_line;VALUE_TYPE_INTEGER;1;PHP_INI_SYSTEM;"Available since PHP 5.2.1.";5.2.1;;;;
cgi.discard_path;VALUE_TYPE_INTEGER;0;PHP_INI_SYSTEM;"Available since PHP 5.3.0.";5.3.0;;;;
cgi.fix_pathinfo;VALUE_TYPE_INTEGER;1;PHP_INI_SYSTEM;"PHP_INI_ALL in PHP <= 5.2.0. Available since PHP 4.3.0.";4.3.0;;;;
cgi.force_redirect;VALUE_TYPE_INTEGER;1;PHP_INI_SYSTEM;"PHP_INI_ALL in PHP <= 5.2.0. Available since PHP 4.2.0.";4.2.0;;;;
cgi.nph;VALUE_TYPE_INTEGER;0;PHP_INI_ALL;"Available since PHP 4.3.5.";4.3.5;;;;
cgi.redirect_status_env;VALUE_TYPE_STRING;NULL;PHP_INI_SYSTEM;"PHP_INI_ALL in PHP <= 5.2.0. Available since PHP 4.2.0.";4.2.0;;;;
cgi.rfc2616_headers;VALUE_TYPE_INTEGER;0;PHP_INI_ALL;"Available since PHP 4.3.0.";4.3.0;;;;
child_terminate;VALUE_TYPE_INTEGER;0;PHP_INI_ALL;"Available since PHP 4.0.5.";4.0.5;;;;
cli.pager;VALUE_TYPE_STRING;;PHP_INI_ALL;"Available since PHP 5.4.0.";5.4.0;;;;
cli.prompt;VALUE_TYPE_STRING;\\b \\> ;PHP_INI_ALL;"Available since PHP 5.4.0.";5.4.0;;;;
cli_server.color;VALUE_TYPE_INTEGER;0;PHP_INI_ALL;"Available since PHP 5.4.0.";5.4.0;;;;
coin_acceptor.autoreset;VALUE_TYPE_BOOLEAN;On;PHP_INI_ALL;"Removed in coin_acceptor 0.2.";;;COIN_ACCEPTOR;;0.2
coin_acceptor.auto_initialize;VALUE_TYPE_BOOLEAN;Off;PHP_INI_ALL;"Available since coin_acceptor 0.2.";;;COIN_ACCEPTOR;0.2;
coin_acceptor.auto_reset;VALUE_TYPE_BOOLEAN;On;PHP_INI_ALL;"Available since coin_acceptor 0.2.";;;COIN_ACCEPTOR;0.2;
coin_acceptor.command_function;VALUE_TYPE_BOOLEAN;Off;PHP_INI_ALL;"Available since coin_acceptor 0.3.";;;COIN_ACCEPTOR;0.3;
coin_acceptor.delay;VALUE_TYPE_INTEGER;53132;PHP_INI_ALL;"Removed in coin_acceptor 0.2.";;;COIN_ACCEPTOR;;0.2
coin_acceptor.delay_coins;VALUE_TYPE_INTEGER;53132;PHP_INI_ALL;"Available since coin_acceptor 0.2.";;;COIN_ACCEPTOR;0.2;
coin_acceptor.delay_prom;VALUE_TYPE_INTEGER;55748;PHP_INI_ALL;"Available since coin_acceptor 0.2.";;;COIN_ACCEPTOR;0.2;
coin_acceptor.device;VALUE_TYPE_STRING;/dev/ttyS1;PHP_INI_ALL;"Removed in coin_acceptor 0.2.";;;COIN_ACCEPTOR;;0.2
coin_acceptor.lock_on_close;VALUE_TYPE_BOOLEAN;Off;PHP_INI_ALL;"Available since coin_acceptor 0.2.";;;COIN_ACCEPTOR;0.2;
coin_acceptor.start_unlocked;VALUE_TYPE_BOOLEAN;On;PHP_INI_ALL;"Available since coin_acceptor 0.2.";;;COIN_ACCEPTOR;0.2;
com.allow_dcom;VALUE_TYPE_INTEGER;0;PHP_INI_SYSTEM;"Available since PHP 4.0.5.";4.0.5;;;;
com.autoregister_casesensitive;VALUE_TYPE_INTEGER;1;PHP_INI_ALL;"PHP_INI_SYSTEM in PHP 4. Available since PHP 4.1.0.";4.1.0;;;;
com.autoregister_typelib;VALUE_TYPE_INTEGER;0;PHP_INI_ALL;"PHP_INI_SYSTEM in PHP 4. Available since PHP 4.1.0.";4.1.0;;;;
com.autoregister_verbose;VALUE_TYPE_INTEGER;0;PHP_INI_ALL;"PHP_INI_SYSTEM in PHP 4. Available since PHP 4.1.0.";4.1.0;;;;
com.code_page;VALUE_TYPE_STRING;;PHP_INI_ALL;"Available since PHP 5.0.0.";5.0.0;;;;
com.typelib_file;VALUE_TYPE_STRING;;PHP_INI_SYSTEM;"Available since PHP 4.0.5.";4.0.5;;;;
curl.cainfo;VALUE_TYPE_STRING;NULL;PHP_INI_SYSTEM;"Available since PHP 5.3.7.";5.3.7;;;;
daffodildb.default_host;VALUE_TYPE_STRING;localhost;PHP_INI_ALL;"";;;;;
daffodildb.default_password;VALUE_TYPE_STRING;daffodil;PHP_INI_ALL;"";;;;;
daffodildb.default_socket;VALUE_TYPE_STRING;NULL;PHP_INI_ALL;"";;;;;
daffodildb.default_user;VALUE_TYPE_STRING;DAFFODIL;PHP_INI_ALL;"";;;;;
daffodildb.port;VALUE_TYPE_INTEGER;3456;PHP_INI_ALL;"";;;;;
date.default_latitude;VALUE_TYPE_FLOAT;31.7667;PHP_INI_ALL;"Available since PHP 5.0.0.";5.0.0;;;;
date.default_longitude;VALUE_TYPE_FLOAT;35.2333;PHP_INI_ALL;"Available since PHP 5.0.0.";5.0.0;;;;
date.sunrise_zenith;VALUE_TYPE_FLOAT;90.583333;PHP_INI_ALL;"Available since PHP 5.0.0.";5.0.0;;;;
date.sunset_zenith;VALUE_TYPE_FLOAT;90.583333;PHP_INI_ALL;"Available since PHP 5.0.0.";5.0.0;;;;
date.timezone;VALUE_TYPE_STRING;;PHP_INI_ALL;"Available since PHP 5.1.0.";5.1.0;;;;
dba.default_handler;VALUE_TYPE_STRING;;PHP_INI_ALL;"Available since PHP 4.3.3.";4.3.3;;;;
dbx.colnames_case;VALUE_TYPE_STRING;unchanged;PHP_INI_SYSTEM;"Available since PHP 4.3.0. Removed in PHP 5.1.0.";4.3.0;5.1.0;;;
default_charset;VALUE_TYPE_STRING;UTF-8;PHP_INI_ALL;"Default to ""UTF-8"" since PHP >= 5.6.0, empty for PHP < 5.6.0.";;;;;
default_mimetype;VALUE_TYPE_STRING;text/html;PHP_INI_ALL;"";;;;;
default_socket_timeout;VALUE_TYPE_INTEGER;60;PHP_INI_ALL;"Available since PHP 4.3.0.";4.3.0;;;;
define_syslog_variables;VALUE_TYPE_INTEGER;0;PHP_INI_ALL;"Removed in PHP 5.4.0.";;5.4.0;;;
detect_unicode;VALUE_TYPE_INTEGER;1;PHP_INI_ALL;"Available since PHP 5.1.0. Renamed to zend.detect_unicode since PHP 5.4.0.";5.1.0;;;;
disable_classes;VALUE_TYPE_STRING;;PHP_INI_SYSTEM;"only Available since PHP 4.3.2.";4.3.2;;;;
disable_functions;VALUE_TYPE_STRING;;PHP_INI_SYSTEM;"only Available since PHP 4.0.1.";4.0.1;;;;
display_errors;VALUE_TYPE_INTEGER;1;PHP_INI_ALL;"";;;;;
display_startup_errors;VALUE_TYPE_INTEGER;0;PHP_INI_ALL;"Available since PHP 4.0.3.";4.0.3;;;;
docref_ext;VALUE_TYPE_STRING;;PHP_INI_ALL;"Available since PHP 4.3.2.";4.3.2;;;;
docref_root;VALUE_TYPE_STRING;;PHP_INI_ALL;"Available since PHP 4.3.0.";4.3.0;;;;
doc_root;VALUE_TYPE_STRING;NULL;PHP_INI_SYSTEM;"";;;;;
enable_dl;VALUE_TYPE_INTEGER;1;PHP_INI_SYSTEM;"This deprecated feature will certainly be removed in the future.";;;;;
enable_post_data_reading;VALUE_TYPE_BOOLEAN;On;PHP_INI_PERDIR;"Available since PHP 5.4.0.";5.4.0;;;;
engine;VALUE_TYPE_INTEGER;1;PHP_INI_ALL;"Available since PHP 4.0.5.";4.0.5;;;;
error_append_string;VALUE_TYPE_STRING;NULL;PHP_INI_ALL;"";;;;;
error_log;VALUE_TYPE_STRING;NULL;PHP_INI_ALL;"";;;;;
error_prepend_string;VALUE_TYPE_STRING;NULL;PHP_INI_ALL;"";;;;;
error_reporting;VALUE_TYPE_STRING;NULL;PHP_INI_ALL;"";;;;;
exif.decode_jis_intel;VALUE_TYPE_STRING;JIS;PHP_INI_ALL;"Available since PHP 4.3.0.";4.3.0;;;;
exif.decode_jis_motorola;VALUE_TYPE_STRING;JIS;PHP_INI_ALL;"Available since PHP 4.3.0.";4.3.0;;;;
exif.decode_unicode_intel;VALUE_TYPE_STRING;UCS-2LE;PHP_INI_ALL;"Available since PHP 4.3.0.";4.3.0;;;;
exif.decode_unicode_motorola;VALUE_TYPE_STRING;UCS-2BE;PHP_INI_ALL;"Available since PHP 4.3.0.";4.3.0;;;;
exif.encode_jis;VALUE_TYPE_STRING;;PHP_INI_ALL;"Available since PHP 4.3.0.";4.3.0;;;;
exif.encode_unicode;VALUE_TYPE_STRING;ISO-8859-15;PHP_INI_ALL;"Available since PHP 4.3.0.";4.3.0;;;;
exit_on_timeout;VALUE_TYPE_STRING;;PHP_INI_ALL;"Available since PHP 5.3.0";5.3.0;;;;
expect.logfile;VALUE_TYPE_STRING;;PHP_INI_ALL;"";;;;;
expect.loguser;VALUE_TYPE_INTEGER;1;PHP_INI_ALL;"";;;;;
expect.timeout;VALUE_TYPE_INTEGER;10;PHP_INI_ALL;"";;;;;
expose_php;VALUE_TYPE_INTEGER;1;PHP_INI_SYSTEM;"only";;;;;
extension;VALUE_TYPE_STRING;NULL;PHP_INI_SYSTEM;"only";;;;;
extension_dir;VALUE_TYPE_STRING;/path/to/php;PHP_INI_SYSTEM;"";;;;;
fastcgi.impersonate;VALUE_TYPE_INTEGER;0;PHP_INI_SYSTEM;"PHP_INI_ALL in PHP <= 5.2.0. Available since PHP 4.3.0.";4.3.0;;;;
fastcgi.logging;VALUE_TYPE_INTEGER;1;PHP_INI_SYSTEM;"PHP_INI_ALL in PHP <= 5.2.0. Available since PHP 4.4.0.";4.4.0;;;;
fbsql.allow_persistent;VALUE_TYPE_INTEGER;1;PHP_INI_SYSTEM;"Available since PHP 4.2.0.";4.2.0;;;;
fbsql.autocommit;VALUE_TYPE_INTEGER;1;PHP_INI_SYSTEM;"Available since PHP 4.0.6.";4.0.6;;;;
fbsql.batchSize;VALUE_TYPE_INTEGER;1000;PHP_INI_SYSTEM;"Available since PHP 4.2.0. Removed in PHP 5.1.0.";4.2.0;5.1.0;;;
fbsql.batchsize;VALUE_TYPE_INTEGER;1000;PHP_INI_ALL;"Available since PHP 5.1.0.";5.1.0;;;;
fbsql.default_database;VALUE_TYPE_STRING;;PHP_INI_SYSTEM;"Available since PHP 4.0.6.";4.0.6;;;;
fbsql.default_database_password;VALUE_TYPE_STRING;;PHP_INI_SYSTEM;"Available since PHP 4.0.6.";4.0.6;;;;
fbsql.default_host;VALUE_TYPE_STRING;NULL;PHP_INI_SYSTEM;"Available since PHP 4.0.6.";4.0.6;;;;
fbsql.default_password;VALUE_TYPE_STRING;;PHP_INI_SYSTEM;"Available since PHP 4.0.6.";4.0.6;;;;
fbsql.default_user;VALUE_TYPE_STRING;_SYSTEM;PHP_INI_SYSTEM;"Available since PHP 4.0.6.";4.0.6;;;;
fbsql.generate_warnings;VALUE_TYPE_INTEGER;0;PHP_INI_SYSTEM;"Available since PHP 4.0.6.";4.0.6;;;;
fbsql.max_connections;VALUE_TYPE_INTEGER;128;PHP_INI_SYSTEM;"Available since PHP 4.0.6.";4.0.6;;;;
fbsql.max_links;VALUE_TYPE_INTEGER;128;PHP_INI_SYSTEM;"Available since PHP 4.0.6.";4.0.6;;;;
fbsql.max_persistent;VALUE_TYPE_INTEGER;-1;PHP_INI_SYSTEM;"Available since PHP 4.0.6.";4.0.6;;;;
fbsql.max_results;VALUE_TYPE_INTEGER;128;PHP_INI_SYSTEM;"Available since PHP 4.0.6.";4.0.6;;;;
fbsql.show_timestamp_decimals;VALUE_TYPE_INTEGER;0;PHP_INI_SYSTEM;"Available since PHP 5.1.5.";5.1.5;;;;
file_uploads;VALUE_TYPE_INTEGER;1;PHP_INI_SYSTEM;"PHP_INI_ALL in PHP <= 4.2.3. Available since PHP 4.0.3.";4.0.3;;;;
filter.default;VALUE_TYPE_STRING;unsafe_raw;PHP_INI_PERDIR;"PHP_INI_ALL in filter <= 0.9.4. Available since PHP 5.2.0.";5.2.0;;;;
filter.default_flags;VALUE_TYPE_STRING;NULL;PHP_INI_PERDIR;"PHP_INI_ALL in filter <= 0.9.4. Available since PHP 5.2.0.";5.2.0;;;;
from;VALUE_TYPE_STRING;;PHP_INI_ALL;"";;;;;
gd.jpeg_ignore_warning;VALUE_TYPE_INTEGER;1;PHP_INI_ALL;"Available since PHP 5.1.3.";5.1.3;;;;
geoip.custom_directory;VALUE_TYPE_STRING;NULL;PHP_INI_ALL;"Available since geoip 1.0.1.";;;GEOIP;1.0.1;
geoip.database_standard;VALUE_TYPE_STRING;GeoIP.dat;PHP_INI_ALL;"Removed in geoip 1.0.1.";;;GEOIP;;1.0.1
hidef.ini_path;VALUE_TYPE_STRING;(char*)default_ini_path;PHP_INI_SYSTEM;"";;;;;
highlight.bg;VALUE_TYPE_STRING;#FFFFFF;PHP_INI_ALL;"Removed in PHP 5.4.0.";;5.4.0;;;
highlight.comment;VALUE_TYPE_STRING;#FF8000;PHP_INI_ALL;"";;;;;
highlight.default;VALUE_TYPE_STRING;#0000BB;PHP_INI_ALL;"";;;;;
highlight.html;VALUE_TYPE_STRING;#000000;PHP_INI_ALL;"";;;;;
highlight.keyword;VALUE_TYPE_STRING;#007700;PHP_INI_ALL;"";;;;;
highlight.string;VALUE_TYPE_STRING;#DD0000;PHP_INI_ALL;"";;;;;
html_errors;VALUE_TYPE_INTEGER;1;PHP_INI_ALL;"PHP_INI_SYSTEM in PHP <= 4.2.3. Available since PHP 4.0.2.";4.0.2;;;;
htscanner.config_file;VALUE_TYPE_STRING;.htaccess;PHP_INI_SYSTEM;"";;;;;
htscanner.default_docroot;VALUE_TYPE_STRING;/;PHP_INI_SYSTEM;"";;;;;
htscanner.default_ttl;VALUE_TYPE_INTEGER;300;PHP_INI_SYSTEM;"Available since htscanner 0.6.0.";;;HTSCANNER;0.6.0;
htscanner.stop_on_error;VALUE_TYPE_INTEGER;0;PHP_INI_SYSTEM;"Available since htscanner 0.7.0.";;;HTSCANNER;0.7.0;
http.allowed_methods;VALUE_TYPE_STRING;;PHP_INI_ALL;"Available since pecl_http 0.4.0. Removed in pecl_http 1.0.0.";;;PECL_HTTP;0.4.0;1.0.0
http.allowed_methods_log;VALUE_TYPE_STRING;;PHP_INI_ALL;"Available since pecl_http 0.12.0. Removed in pecl_http 1.0.0.";;;PECL_HTTP;0.12.0;1.0.0
http.cache_log;VALUE_TYPE_STRING;;PHP_INI_ALL;"Available since pecl_http 0.8.0. Removed in pecl_http 1.0.0.";;;PECL_HTTP;0.8.0;1.0.0
http.composite_log;VALUE_TYPE_STRING;;PHP_INI_ALL;"Available since pecl_http 0.12.0. Removed in pecl_http 1.0.0.";;;PECL_HTTP;0.12.0;1.0.0
http.etag.mode;VALUE_TYPE_STRING;MD5;PHP_INI_ALL;"Available since pecl_http 1.0.0.";;;PECL_HTTP;1.0.0;
http.etag_mode;VALUE_TYPE_STRING;MD5;PHP_INI_ALL;"Available since pecl_http 0.12.0. Removed in pecl_http 1.0.0.";;;PECL_HTTP;0.12.0;1.0.0
http.force_exit;VALUE_TYPE_INTEGER;1;PHP_INI_ALL;"Available since pecl_http 0.18.0.";;;PECL_HTTP;0.18.0;
http.log.allowed_methods;VALUE_TYPE_STRING;;PHP_INI_ALL;"Available since pecl_http 1.0.0.";;;PECL_HTTP;1.0.0;
http.log.cache;VALUE_TYPE_STRING;;PHP_INI_ALL;"Available since pecl_http 1.0.0.";;;PECL_HTTP;1.0.0;
http.log.composite;VALUE_TYPE_STRING;;PHP_INI_ALL;"Available since pecl_http 1.0.0.";;;PECL_HTTP;1.0.0;
http.log.not_found;VALUE_TYPE_STRING;;PHP_INI_ALL;"Available since pecl_http 1.0.0.";;;PECL_HTTP;1.0.0;
http.log.redirect;VALUE_TYPE_STRING;;PHP_INI_ALL;"Available since pecl_http 1.0.0.";;;PECL_HTTP;1.0.0;
http.ob_deflate_auto;VALUE_TYPE_INTEGER;0;PHP_INI_PERDIR;"Available since pecl_http 0.21.0. Removed in pecl_http 1.0.0.";;;PECL_HTTP;0.21.0;1.0.0
http.ob_deflate_flags;VALUE_TYPE_INTEGER;0;PHP_INI_ALL;"Available since pecl_http 0.21.0. Removed in pecl_http 1.0.0.";;;PECL_HTTP;0.21.0;1.0.0
http.ob_inflate_auto;VALUE_TYPE_INTEGER;0;PHP_INI_PERDIR;"Available since pecl_http 0.21.0. Removed in pecl_http 1.0.0.";;;PECL_HTTP;0.21.0;1.0.0
http.ob_inflate_flags;VALUE_TYPE_INTEGER;0;PHP_INI_ALL;"Available since pecl_http 0.21.0. Removed in pecl_http 1.0.0.";;;PECL_HTTP;0.21.0;1.0.0
http.only_exceptions;VALUE_TYPE_INTEGER;0;PHP_INI_ALL;"Available since pecl_http 0.11.0.";;;PECL_HTTP;0.11.0;
http.persistent.handles.ident;VALUE_TYPE_STRING;GLOBAL;PHP_INI_ALL;"Available since pecl_http 1.5.0.";;;PECL_HTTP;1.5.0;
http.persistent.handles.limit;VALUE_TYPE_INTEGER;-1;PHP_INI_SYSTEM;"Available since pecl_http 1.5.0.";;;PECL_HTTP;1.5.0;
http.redirect_log;VALUE_TYPE_STRING;;PHP_INI_ALL;"Available since pecl_http 0.12.0. Removed in pecl_http 1.0.0.";;;PECL_HTTP;0.12.0;1.0.0
http.request.datashare.connect;VALUE_TYPE_INTEGER;0;PHP_INI_SYSTEM;"Available since pecl_http 1.3.0.";;;PECL_HTTP;1.3.0;
http.request.datashare.cookie;VALUE_TYPE_INTEGER;0;PHP_INI_SYSTEM;"Available since pecl_http 1.3.0.";;;PECL_HTTP;1.3.0;
http.request.datashare.dns;VALUE_TYPE_INTEGER;1;PHP_INI_SYSTEM;"Available since pecl_http 1.3.0.";;;PECL_HTTP;1.3.0;
http.request.datashare.ssl;VALUE_TYPE_INTEGER;0;PHP_INI_SYSTEM;"Available since pecl_http 1.3.0.";;;PECL_HTTP;1.3.0;
http.request.methods.allowed;VALUE_TYPE_STRING;;PHP_INI_ALL;"Available since pecl_http 1.0.0.";;;PECL_HTTP;1.0.0;
http.request.methods.custom;VALUE_TYPE_STRING;;PHP_INI_PERDIR;"Available since pecl_http 1.0.0.";;;PECL_HTTP;1.0.0;
http.send.deflate.start_auto;VALUE_TYPE_INTEGER;0;PHP_INI_PERDIR;"Available since pecl_http 1.0.0.";;;PECL_HTTP;1.0.0;
http.send.deflate.start_flags;VALUE_TYPE_INTEGER;0;PHP_INI_ALL;"Available since pecl_http 1.0.0.";;;PECL_HTTP;1.0.0;
http.send.inflate.start_auto;VALUE_TYPE_INTEGER;0;PHP_INI_PERDIR;"Available since pecl_http 1.0.0.";;;PECL_HTTP;1.0.0;
http.send.inflate.start_flags;VALUE_TYPE_INTEGER;0;PHP_INI_ALL;"Available since pecl_http 1.0.0.";;;PECL_HTTP;1.0.0;
http.send.not_found_404;VALUE_TYPE_INTEGER;1;PHP_INI_ALL;"Available since pecl_http 1.0.0.";;;PECL_HTTP;1.0.0;
ibase.allow_persistent;VALUE_TYPE_INTEGER;1;PHP_INI_SYSTEM;"";;;;;
ibase.dateformat;VALUE_TYPE_STRING;%Y-%m-%d;PHP_INI_ALL;"";;;;;
ibase.default_charset;VALUE_TYPE_STRING;NULL;PHP_INI_ALL;"Available since PHP 5.0.0.";5.0.0;;;;
ibase.default_db;VALUE_TYPE_STRING;NULL;PHP_INI_SYSTEM;"Available since PHP 5.0.0.";5.0.0;;;;
ibase.default_password;VALUE_TYPE_STRING;NULL;PHP_INI_ALL;"";;;;;
ibase.default_user;VALUE_TYPE_STRING;NULL;PHP_INI_ALL;"";;;;;
ibase.max_links;VALUE_TYPE_INTEGER;-1;PHP_INI_SYSTEM;"";;;;;
ibase.max_persistent;VALUE_TYPE_INTEGER;-1;PHP_INI_SYSTEM;"";;;;;
ibase.timeformat;VALUE_TYPE_STRING;%H:%M:%S;PHP_INI_ALL;"";;;;;
ibase.timestampformat;VALUE_TYPE_STRING;%Y-%m-%d %H:%M:%S;PHP_INI_ALL;"";;;;;
ibm_db2.binmode;VALUE_TYPE_INTEGER;1;PHP_INI_ALL;"";;;;;
ibm_db2.i5_all_pconnect;VALUE_TYPE_INTEGER;0;PHP_INI_SYSTEM;"Available since ibm_db2 1.6.5.";;;IBM_DB2;1.6.5;
ibm_db2.i5_allow_commit;VALUE_TYPE_INTEGER;0;PHP_INI_SYSTEM;"Available since ibm_db2 1.4.9.";;;IBM_DB2;1.4.9;
ibm_db2.i5_dbcs_alloc;VALUE_TYPE_INTEGER;0;PHP_INI_SYSTEM;"Available since ibm_db2 1.5.0.";;;IBM_DB2;1.5.0;
ibm_db2.instance_name;VALUE_TYPE_STRING;NULL;PHP_INI_SYSTEM;"Available since ibm_db2 1.0.2.";;;IBM_DB2;1.0.2;
ibm_db2.i5_ignore_userid;VALUE_TYPE_INTEGER;0;PHP_INI_SYSTEM;"Available since ibm_db2 1.8.0.";;;IBM_DB2;1.8.0;
iconv.input_encoding;VALUE_TYPE_STRING;ISO-8859-1;PHP_INI_ALL;"Available since PHP 4.0.5.";4.0.5;;;;
iconv.internal_encoding;VALUE_TYPE_STRING;ISO-8859-1;PHP_INI_ALL;"Available since PHP 4.0.5.";4.0.5;;;;
iconv.output_encoding;VALUE_TYPE_STRING;ISO-8859-1;PHP_INI_ALL;"Available since PHP 4.0.5.";4.0.5;;;;
ifx.allow_persistent;VALUE_TYPE_INTEGER;1;PHP_INI_SYSTEM;"Removed in PHP 5.2.1.";;5.2.1;;;
ifx.blobinfile;VALUE_TYPE_INTEGER;1;PHP_INI_ALL;"Removed in PHP 5.2.1.";;5.2.1;;;
ifx.byteasvarchar;VALUE_TYPE_INTEGER;0;PHP_INI_ALL;"Removed in PHP 5.2.1.";;5.2.1;;;
ifx.charasvarchar;VALUE_TYPE_INTEGER;0;PHP_INI_ALL;"Removed in PHP 5.2.1.";;5.2.1;;;
ifx.default_host;VALUE_TYPE_STRING;NULL;PHP_INI_SYSTEM;"Removed in PHP 5.2.1.";;5.2.1;;;
ifx.default_password;VALUE_TYPE_STRING;NULL;PHP_INI_SYSTEM;"Removed in PHP 5.2.1.";;5.2.1;;;
ifx.default_user;VALUE_TYPE_STRING;NULL;PHP_INI_SYSTEM;"Removed in PHP 5.2.1.";;5.2.1;;;
ifx.max_links;VALUE_TYPE_INTEGER;-1;PHP_INI_SYSTEM;"Removed in PHP 5.2.1.";;5.2.1;;;
ifx.max_persistent;VALUE_TYPE_INTEGER;-1;PHP_INI_SYSTEM;"Removed in PHP 5.2.1.";;5.2.1;;;
ifx.nullformat;VALUE_TYPE_INTEGER;0;PHP_INI_ALL;"Removed in PHP 5.2.1.";;5.2.1;;;
ifx.textasvarchar;VALUE_TYPE_INTEGER;0;PHP_INI_ALL;"Removed in PHP 5.2.1.";;5.2.1;;;
ignore_repeated_errors;VALUE_TYPE_INTEGER;0;PHP_INI_ALL;"Available since PHP 4.3.0.";4.3.0;;;;
ignore_repeated_source;VALUE_TYPE_INTEGER;0;PHP_INI_ALL;"Available since PHP 4.3.0.";4.3.0;;;;
ignore_user_abort;VALUE_TYPE_INTEGER;0;PHP_INI_ALL;"";;;;;
imlib2.font_cache_max_size;VALUE_TYPE_INTEGER;524288;PHP_INI_ALL;"";;;;;
imlib2.font_path;VALUE_TYPE_STRING;/usr/share/php/fonts/;PHP_INI_ALL;"";;;;;
implicit_flush;VALUE_TYPE_INTEGER;0;PHP_INI_ALL;"PHP_INI_PERDIR in PHP <= 4.2.3.";;;;;
include_path;VALUE_TYPE_STRING;.;/path/to/php/pear;PHP_INI_ALL;"";;;;;
intl.default_locale;VALUE_TYPE_STRING;;PHP_INI_ALL;"Available since PHP 5.3.0.";5.3.0;;;;
intl.error_level;VALUE_TYPE_INTEGER;0;PHP_INI_ALL;"Available since PHP 5.3.0.";5.3.0;;;;
intl.use_exceptions;VALUE_TYPE_INTEGER;0;PHP_INI_ALL;"Available since PHP 5.5.0.";5.5.0;;;;
ingres.allow_persistent;VALUE_TYPE_INTEGER;1;PHP_INI_SYSTEM;"Available since ingres 1.0.0";;;INGRES;1.0.0;
ingres.array_index_start;VALUE_TYPE_INTEGER;1;PHP_INI_ALL;"Available since ingres 1.4.0.";;;INGRES;1.4.0;
ingres.auto;VALUE_TYPE_INTEGER;1;PHP_INI_ALL;"Available since ingres 2.0.0.";;;INGRES;2.0.0;
ingres.blob_segment_length;VALUE_TYPE_INTEGER;4096;PHP_INI_ALL;"Available since ingres 1.2.0.";;;INGRES;1.2.0;
ingres.cursor_mode;VALUE_TYPE_INTEGER;0;PHP_INI_ALL;"Available since ingres 1.1.0.";;;INGRES;1.1.0;
ingres.default_database;VALUE_TYPE_STRING;NULL;PHP_INI_ALL;"Available since ingres 1.0.0";;;INGRES;1.0.0;
ingres.default_password;VALUE_TYPE_STRING;NULL;PHP_INI_ALL;"Available since ingres 1.0.0";;;INGRES;1.0.0;
ingres.default_user;VALUE_TYPE_STRING;NULL;PHP_INI_ALL;"Available since ingres 1.0.0";;;INGRES;1.0.0;
ingres.describe;VALUE_TYPE_INTEGER;1;PHP_INI_ALL;"Available since ingres 2.1.0";;;INGRES;2.1.0;
ingres.fetch_buffer_size;VALUE_TYPE_INTEGER;100;PHP_INI_ALL;"Available since ingres 2.1.0";;;INGRES;2.1.0;
ingres.max_links;VALUE_TYPE_INTEGER;-1;PHP_INI_SYSTEM;"Available since ingres 1.0.0";;;INGRES;1.0.0;
ingres.max_persistent;VALUE_TYPE_INTEGER;-1;PHP_INI_SYSTEM;"Available since ingres 1.0.0";;;INGRES;1.0.0;
ingres.reuse_connection;VALUE_TYPE_INTEGER;1;PHP_INI_ALL;"Available since ingres 2.0.0";;;INGRES;2.0.0;
ingres.scrollable;VALUE_TYPE_INTEGER;1;PHP_INI_ALL;"Available since ingres 2.0.0.";;;INGRES;2.0.0;
ingres.trace;VALUE_TYPE_INTEGER;0;PHP_INI_ALL;"Available since ingres 2.0.0.";;;INGRES;2.0.0;
ingres.trace_connect;VALUE_TYPE_INTEGER;0;PHP_INI_ALL;"Available since ingres 1.2.1.";;;INGRES;1.2.1;
ingres.utf8;VALUE_TYPE_INTEGER;1;PHP_INI_ALL;"Available since ingres 2.0.0.";;;INGRES;2.0.0;
last_modified;VALUE_TYPE_INTEGER;0;PHP_INI_ALL;"Available since PHP 4.0.5.";4.0.5;;;;
ldap.max_links;VALUE_TYPE_INTEGER;-1;PHP_INI_SYSTEM;"";;;;;
log_errors;VALUE_TYPE_INTEGER;0;PHP_INI_ALL;"";;;;;
log_errors_max_len;VALUE_TYPE_INTEGER;1024;PHP_INI_ALL;"Available since PHP 4.3.0.";4.3.0;;;;
magic_quotes_gpc;VALUE_TYPE_INTEGER;1;PHP_INI_PERDIR;"PHP_INI_ALL in PHP <= 4.2.3. Deprecated in PHP 5.3.0. Removed in PHP 5.4.0.";;5.4.0;;;
magic_quotes_runtime;VALUE_TYPE_INTEGER;0;PHP_INI_ALL;"Removed in PHP 5.4.0.";;5.4.0;;;
magic_quotes_sybase;VALUE_TYPE_INTEGER;0;PHP_INI_ALL;"Removed in PHP 5.4.0.";;5.4.0;;;
mail.add_x_header;VALUE_TYPE_INTEGER;0;PHP_INI_PERDIR;"Available since PHP 5.3.0.";5.3.0;;;;
mail.force_extra_parameters;VALUE_TYPE_STRING;NULL;PHP_INI_SYSTEM;"only Available since PHP 5.0.0.";5.0.0;;;;
mail.log;VALUE_TYPE_STRING;;PHP_INI_PERDIR;"Available since PHP 5.3.0 (PHP_INI_SYSTEM|PHP_INI_PERDIR)";5.3.0;;;;
maxdb.default_db;VALUE_TYPE_STRING;NULL;PHP_INI_ALL;"";;;;;
maxdb.default_host;VALUE_TYPE_STRING;NULL;PHP_INI_ALL;"";;;;;
maxdb.default_pw;VALUE_TYPE_STRING;NULL;PHP_INI_ALL;"";;;;;
maxdb.default_user;VALUE_TYPE_STRING;NULL;PHP_INI_ALL;"";;;;;
maxdb.long_readlen;VALUE_TYPE_INTEGER;200;PHP_INI_ALL;"";;;;;
max_execution_time;VALUE_TYPE_INTEGER;30;PHP_INI_ALL;"";;;;;
max_input_nesting_level;VALUE_TYPE_INTEGER;64;PHP_INI_PERDIR;"Available since PHP 4.4.8 and PHP 5.2.3.";4.4.8;;;;
max_input_vars;VALUE_TYPE_INTEGER;1000;PHP_INI_PERDIR;"Available since PHP 5.3.9.";5.3.9;;;;
max_input_time;VALUE_TYPE_INTEGER;-1;PHP_INI_PERDIR;"Available since PHP 4.3.0.";4.3.0;;;;
mbstring.detect_order;VALUE_TYPE_STRING;NULL;PHP_INI_ALL;"Available since PHP 4.0.6.";4.0.6;;;;
mbstring.encoding_translation;VALUE_TYPE_INTEGER;0;PHP_INI_PERDIR;"Available since PHP 4.3.0.";4.3.0;;;;
mbstring.func_overload;VALUE_TYPE_INTEGER;0;PHP_INI_SYSTEM;"PHP_INI_SYSTEM in PHP <= 4.2.3; PHP_INI_SYSTEM | PHP_INI_PERDIR from PHP 4.3 through 5.2.6. Available since PHP 4.2.0.";4.2.0;;;;
mbstring.http_input;VALUE_TYPE_STRING;pass;PHP_INI_ALL;"Available since PHP 4.0.6.";4.0.6;;;;
mbstring.http_output;VALUE_TYPE_STRING;pass;PHP_INI_ALL;"Available since PHP 4.0.6.";4.0.6;;;;
mbstring.internal_encoding;VALUE_TYPE_STRING;NULL;PHP_INI_ALL;"Available since PHP 4.0.6.";4.0.6;;;;
mbstring.language;VALUE_TYPE_STRING;neutral;PHP_INI_ALL;"Available since PHP 4.3.0.; PHP_INI_PERDIR in PHP <= 5.2.6";4.3.0;;;;
mbstring.script_encoding;VALUE_TYPE_STRING;NULL;PHP_INI_ALL;"Available since PHP 4.3.0. Removed in PHP 5.4.0. Use zend.script_encoding instead.";4.3.0;5.4.0;;;
mbstring.http_output_conv_mimetypes;VALUE_TYPE_STRING;^(text/|application/xhtml\+xml);PHP_INI_ALL;"Available since PHP 5.3.0.";5.3.0;;;;
mbstring.strict_detection;VALUE_TYPE_INTEGER;0;PHP_INI_ALL;"Available since PHP 5.1.2.";5.1.2;;;;
mbstring.substitute_character;VALUE_TYPE_STRING;NULL;PHP_INI_ALL;"Available since PHP 4.0.6.";4.0.6;;;;
mcrypt.algorithms_dir;VALUE_TYPE_STRING;NULL;PHP_INI_ALL;"Available since PHP 4.0.2.";4.0.2;;;;
mcrypt.modes_dir;VALUE_TYPE_STRING;NULL;PHP_INI_ALL;"Available since PHP 4.0.2.";4.0.2;;;;
memcache.allow_failover;VALUE_TYPE_INTEGER;1;PHP_INI_ALL;"Available since memcache 2.0.2.";;;MEMCACHE;2.0.2;
memcache.chunk_size;VALUE_TYPE_INTEGER;8192;PHP_INI_ALL;"Available since memcache 2.0.2.";;;MEMCACHE;2.0.2;
memcache.default_port;VALUE_TYPE_INTEGER;11211;PHP_INI_ALL;"Available since memcache 2.0.2.";;;MEMCACHE;2.0.2;
memcache.hash_function;VALUE_TYPE_STRING;crc32;PHP_INI_ALL;"Available since memcache 2.2.0.";;;MEMCACHE;2.2.0;
memcache.hash_strategy;VALUE_TYPE_STRING;standard;PHP_INI_ALL;"Available since memcache 2.2.0.";;;MEMCACHE;2.2.0;
memcache.max_failover_attempts;VALUE_TYPE_INTEGER;20;PHP_INI_ALL;"Available since memcache 2.1.0.";;;MEMCACHE;2.1.0;
memory_limit;VALUE_TYPE_QUANTITY;128M;PHP_INI_ALL;"";;;;;
mime_magic.debug;VALUE_TYPE_INTEGER;0;PHP_INI_SYSTEM;"Available since PHP 5.0.0.";5.0.0;;;;
mime_magic.magicfile;VALUE_TYPE_STRING;/path/to/php/magic.mime;PHP_INI_SYSTEM;"Available since PHP 4.3.0.";4.3.0;;;;
mongo.allow_empty_keys;VALUE_TYPE_INTEGER;0;PHP_INI_ALL;"";;;;;
mongo.allow_persistent;VALUE_TYPE_INTEGER;1;PHP_INI_ALL;"Removed in 1.2.0";;;;;1.2.0
mongo.chunk_size;VALUE_TYPE_INTEGER;262144;PHP_INI_ALL;"";;;;;
mongo.cmd;VALUE_TYPE_STRING;$;PHP_INI_ALL;"";;;;;
mongo.default_host;VALUE_TYPE_STRING;localhost;PHP_INI_ALL;"";;;;;
mongo.default_port;VALUE_TYPE_INTEGER;27017;PHP_INI_ALL;"";;;;;
mongo.is_master_interval;VALUE_TYPE_INTEGER;15;PHP_INI_ALL;"Added in 1.2.10, before 1.3.0 the default value was 60.";;;;1.2.10;
mongo.long_as_object;VALUE_TYPE_INTEGER;0;PHP_INI_ALL;"";;;;;
mongo.native_long;VALUE_TYPE_INTEGER;1;PHP_INI_ALL;"Before 1.5.0, the default value was 0.";;;;;
mongo.ping_interval;VALUE_TYPE_INTEGER;5;PHP_INI_ALL;"Added in 1.2.10";;;;1.2.10;
mongo.utf8;VALUE_TYPE_INTEGER;1;PHP_INI_ALL;"";;;;;
msql.allow_persistent;VALUE_TYPE_INTEGER;1;PHP_INI_ALL;"";;;;;
msql.max_links;VALUE_TYPE_INTEGER;-1;PHP_INI_ALL;"";;;;;
msql.max_persistent;VALUE_TYPE_INTEGER;-1;PHP_INI_ALL;"";;;;;
mssql.allow_persistent;VALUE_TYPE_INTEGER;1;PHP_INI_SYSTEM;"";;;;;
mssql.batchsize;VALUE_TYPE_INTEGER;0;PHP_INI_ALL;"Available since PHP 4.0.4.";4.0.4;;;;
mssql.charset;VALUE_TYPE_STRING;;PHP_INI_ALL;"Available since PHP 5.1.2.";5.1.2;;;;
mssql.compatability_mode;VALUE_TYPE_INTEGER;0;PHP_INI_ALL;"";;;;;
mssql.connect_timeout;VALUE_TYPE_INTEGER;5;PHP_INI_ALL;"";;;;;
mssql.datetimeconvert;VALUE_TYPE_INTEGER;1;PHP_INI_ALL;"Available since PHP 4.2.0.";4.2.0;;;;
mssql.max_links;VALUE_TYPE_INTEGER;-1;PHP_INI_SYSTEM;"";;;;;
mssql.max_persistent;VALUE_TYPE_INTEGER;-1;PHP_INI_SYSTEM;"";;;;;
mssql.max_procs;VALUE_TYPE_INTEGER;-1;PHP_INI_ALL;"Available since PHP 4.3.0.";4.3.0;;;;
mssql.min_error_severity;VALUE_TYPE_INTEGER;10;PHP_INI_ALL;"";;;;;
mssql.min_message_severity;VALUE_TYPE_INTEGER;10;PHP_INI_ALL;"";;;;;
mssql.secure_connection;VALUE_TYPE_INTEGER;0;PHP_INI_SYSTEM;"Available since PHP 4.3.0.";4.3.0;;;;
mssql.textlimit;VALUE_TYPE_INTEGER;-1;PHP_INI_ALL;"";;;;;
mssql.textsize;VALUE_TYPE_INTEGER;-1;PHP_INI_ALL;"";;;;;
mssql.timeout;VALUE_TYPE_INTEGER;60;PHP_INI_ALL;"Available since PHP 4.1.0.";4.1.0;;;;
mysql.allow_local_infile;VALUE_TYPE_INTEGER;1;PHP_INI_SYSTEM;"";;;;;
mysql.allow_persistent;VALUE_TYPE_INTEGER;1;PHP_INI_SYSTEM;"";;;;;
mysql.max_persistent;VALUE_TYPE_INTEGER;-1;PHP_INI_SYSTEM;"";;;;;
mysql.max_links;VALUE_TYPE_INTEGER;-1;PHP_INI_SYSTEM;"";;;;;
mysql.trace_mode;VALUE_TYPE_INTEGER;0;PHP_INI_ALL;"Available since PHP 4.3.0.";4.3.0;;;;
mysql.default_port;VALUE_TYPE_STRING;NULL;PHP_INI_ALL;"";;;;;
mysql.default_socket;VALUE_TYPE_STRING;NULL;PHP_INI_ALL;"Available since PHP 4.0.1.";4.0.1;;;;
mysql.default_host;VALUE_TYPE_STRING;NULL;PHP_INI_ALL;"";;;;;
mysql.default_user;VALUE_TYPE_STRING;NULL;PHP_INI_ALL;"";;;;;
mysql.default_password;VALUE_TYPE_STRING;NULL;PHP_INI_ALL;"";;;;;
mysql.connect_timeout;VALUE_TYPE_INTEGER;60;PHP_INI_ALL;"PHP_INI_SYSTEM in PHP <= 4.3.2. Available since PHP 4.3.0.";4.3.0;;;;
mysqli.allow_local_infile;VALUE_TYPE_INTEGER;1;PHP_INI_SYSTEM;"Available since PHP 5.2.4.";5.2.4;;;;
mysqli.allow_persistent;VALUE_TYPE_INTEGER;1;PHP_INI_SYSTEM;"Available since PHP 5.3.0.";5.3.0;;;;
mysqli.max_persistent;VALUE_TYPE_INTEGER;-1;PHP_INI_SYSTEM;"Available since PHP 5.3.0.";5.3.0;;;;
mysqli.max_links;VALUE_TYPE_INTEGER;-1;PHP_INI_SYSTEM;"Available since PHP 5.0.0.";5.0.0;;;;
mysqli.default_port;VALUE_TYPE_INTEGER;3306;PHP_INI_ALL;"Available since PHP 5.0.0.";5.0.0;;;;
mysqli.default_socket;VALUE_TYPE_STRING;NULL;PHP_INI_ALL;"Available since PHP 5.0.0.";5.0.0;;;;
mysqli.default_host;VALUE_TYPE_STRING;NULL;PHP_INI_ALL;"Available since PHP 5.0.0.";5.0.0;;;;
mysqli.default_user;VALUE_TYPE_STRING;NULL;PHP_INI_ALL;"Available since PHP 5.0.0.";5.0.0;;;;
mysqli.default_pw;VALUE_TYPE_STRING;NULL;PHP_INI_ALL;"Available since PHP 5.0.0.";5.0.0;;;;
mysqli.reconnect;VALUE_TYPE_INTEGER;0;PHP_INI_SYSTEM;"Available since PHP 4.3.5.";4.3.5;;;;
mysqli.rollback_on_cached_plink;VALUE_TYPE_BOOLEAN;TRUE;PHP_INI_SYSTEM;"Available since PHP 5.6.0.";5.6.0;;;;
mysqli.cache_size;VALUE_TYPE_INTEGER;2000;PHP_INI_SYSTEM;"Available since PHP 5.3.0.";5.3.0;;;;
mysqlnd.collect_memory_statistics;VALUE_TYPE_INTEGER;0;PHP_INI_SYSTEM;"Available since PHP 5.3.0.";5.3.0;;;;
mysqlnd.collect_statistics;VALUE_TYPE_INTEGER;1;PHP_INI_ALL;"Available since PHP 5.3.0.";5.3.0;;;;
mysqlnd.debug;VALUE_TYPE_STRING;;PHP_INI_SYSTEM;"Available since PHP 5.3.0.";5.3.0;;;;
mysqlnd.log_mask;VALUE_TYPE_INTEGER;0;PHP_INI_ALL;"Available since PHP 5.4.0.";5.4.0;;;;
mysqlnd.mempool_default_size;VALUE_TYPE_INTEGER;16000;PHP_INI_ALL;"Available since PHP 5.4.0.";5.4.0;;;;
mysqlnd.net_cmd_buffer_size;VALUE_TYPE_INTEGER;4096;PHP_INI_ALL;"Available since PHP 5.4.0.";5.4.0;;;;
mysqlnd.net_read_buffer_size;VALUE_TYPE_INTEGER;32768;PHP_INI_ALL;"Available since PHP 5.3.0.";5.3.0;;;;
mysqlnd.net_read_timeout;VALUE_TYPE_INTEGER;31536000;PHP_INI_SYSTEM;"Available since PHP 5.4.0.";5.4.0;;;;
mysqlnd.sha256_server_public_key;VALUE_TYPE_STRING;;PHP_INI_PERDIR;"Available since PHP 5.5.0.";5.5.0;;;;
mysqlnd.trace_alloc;VALUE_TYPE_STRING;;PHP_INI_SYSTEM;"Available since PHP 5.5.0.";5.5.0;;;;
mysqlnd_memcache.enable;VALUE_TYPE_INTEGER;1;PHP_INI_SYSTEM;"Available since 1.0.0";;;;1.0.0;
mysqlnd_ms.enable;VALUE_TYPE_INTEGER;0;PHP_INI_SYSTEM;"";;;;;
mysqlnd_ms.force_config_usage;VALUE_TYPE_INTEGER;0;PHP_INI_SYSTEM;"";;;;;
mysqlnd_ms.ini_file;VALUE_TYPE_STRING;;PHP_INI_SYSTEM;"";;;;;
mysqlnd_ms.config_file;VALUE_TYPE_STRING;;PHP_INI_SYSTEM;"";;;;;
mysqlnd_ms.collect_statistics;VALUE_TYPE_INTEGER;0;PHP_INI_SYSTEM;"";;;;;
mysqlnd_ms.multi_master;VALUE_TYPE_INTEGER;0;PHP_INI_SYSTEM;"";;;;;
mysqlnd_ms.disable_rw_split;VALUE_TYPE_INTEGER;0;PHP_INI_SYSTEM;"";;;;;
mysqlnd_mux.enable;VALUE_TYPE_INTEGER;0;PHP_INI_SYSTEM;"";;;;;
mysqlnd_qc.enable_qc;VALUE_TYPE_INTEGER;1;PHP_INI_SYSTEM;"";;;;;
mysqlnd_qc.ttl;VALUE_TYPE_INTEGER;30;PHP_INI_ALL;"";;;;;
mysqlnd_qc.cache_by_default;VALUE_TYPE_INTEGER;0;PHP_INI_ALL;"";;;;;
mysqlnd_qc.cache_no_table;VALUE_TYPE_INTEGER;0;PHP_INI_ALL;"";;;;;
mysqlnd_qc.use_request_time;VALUE_TYPE_INTEGER;0;PHP_INI_ALL;"";;;;;
mysqlnd_qc.time_statistics;VALUE_TYPE_INTEGER;1;PHP_INI_ALL;"";;;;;
mysqlnd_qc.collect_statistics;VALUE_TYPE_INTEGER;0;PHP_INI_ALL;"";;;;;
mysqlnd_qc.collect_statistics_log_file;VALUE_TYPE_STRING;/tmp/mysqlnd_qc.stats;PHP_INI_SYSTEM;"";;;;;
mysqlnd_qc.collect_query_trace;VALUE_TYPE_INTEGER;0;PHP_INI_SYSTEM;"";;;;;
mysqlnd_qc.query_trace_bt_depth;VALUE_TYPE_INTEGER;3;PHP_INI_SYSTEM;"";;;;;
mysqlnd_qc.collect_normalized_query_trace;VALUE_TYPE_INTEGER;0;PHP_INI_SYSTEM;"";;;;;
mysqlnd_qc.ignore_sql_comments;VALUE_TYPE_INTEGER;1;PHP_INI_ALL;"";;;;;
mysqlnd_qc.slam_defense;VALUE_TYPE_INTEGER;0;PHP_INI_SYSTEM;"";;;;;
mysqlnd_qc.slam_defense_ttl;VALUE_TYPE_INTEGER;30;PHP_INI_SYSTEM;"";;;;;
mysqlnd_qc.std_data_copy;VALUE_TYPE_INTEGER;0;PHP_INI_SYSTEM;"";;;;;
mysqlnd_qc.apc_prefix;VALUE_TYPE_STRING;qc_;PHP_INI_ALL;"";;;;;
mysqlnd_qc.memc_server;VALUE_TYPE_STRING;127.0.0.1;PHP_INI_ALL;"";;;;;
mysqlnd_qc.memc_port;VALUE_TYPE_INTEGER;11211;PHP_INI_ALL;"";;;;;
mysqlnd_qc.sqlite_data_file;VALUE_TYPE_STRING;:memory:;PHP_INI_ALL;"";;;;;
mysqlnd_uh.enable;VALUE_TYPE_INTEGER;1;PHP_INI_SYSTEM;"";;;;;
mysqlnd_uh.report_wrong_types;VALUE_TYPE_INTEGER;1;PHP_INI_ALL;"";;;;;
nsapi.read_timeout;VALUE_TYPE_INTEGER;60;PHP_INI_ALL;"Available since PHP 4.3.3.";4.3.3;;;;
oci8.connection_class;VALUE_TYPE_STRING;;PHP_INI_ALL;"Available since PHP 5.3 (PECL OCI8 1.3).";5.3;;;;
oci8.default_prefetch;VALUE_TYPE_INTEGER;10;PHP_INI_SYSTEM;"Available since PHP 5.1.2.";5.1.2;;;;
oci8.events;VALUE_TYPE_BOOLEAN;Off;PHP_INI_SYSTEM;"Available since PHP 5.3 (PECL OCI8 1.3).";5.3;;;;
oci8.max_persistent;VALUE_TYPE_INTEGER;-1;PHP_INI_SYSTEM;"Available since PHP 5.1.2.";5.1.2;;;;
oci8.old_oci_close_semantics;VALUE_TYPE_INTEGER;0;PHP_INI_SYSTEM;"Available since PHP 5.1.2.";5.1.2;;;;
oci8.persistent_timeout;VALUE_TYPE_INTEGER;-1;PHP_INI_SYSTEM;"Available since PHP 5.1.2.";5.1.2;;;;
oci8.ping_interval;VALUE_TYPE_INTEGER;60;PHP_INI_SYSTEM;"Available since PHP 5.1.2.";5.1.2;;;;
oci8.privileged_connect;VALUE_TYPE_INTEGER;0;PHP_INI_SYSTEM;"Available since PHP 5.1.2.";5.1.2;;;;
oci8.statement_cache_size;VALUE_TYPE_INTEGER;20;PHP_INI_SYSTEM;"Available since PHP 5.1.2.";5.1.2;;;;
odbc.allow_persistent;VALUE_TYPE_INTEGER;1;PHP_INI_SYSTEM;"";;;;;
odbc.check_persistent;VALUE_TYPE_INTEGER;1;PHP_INI_SYSTEM;"";;;;;
odbc.defaultbinmode;VALUE_TYPE_INTEGER;1;PHP_INI_ALL;"";;;;;
odbc.defaultlrl;VALUE_TYPE_INTEGER;4096;PHP_INI_ALL;"";;;;;
odbc.default_db;VALUE_TYPE_STRING;NULL;PHP_INI_ALL;"";;;;;
odbc.default_cursortype;VALUE_TYPE_INTEGER;3;PHP_INI_ALL;"Available since PHP 5.3.0.";5.3.0;;;;
odbc.default_pw;VALUE_TYPE_STRING;NULL;PHP_INI_ALL;"";;;;;
odbc.default_user;VALUE_TYPE_STRING;NULL;PHP_INI_ALL;"";;;;;
odbc.max_links;VALUE_TYPE_INTEGER;-1;PHP_INI_SYSTEM;"";;;;;
odbc.max_persistent;VALUE_TYPE_INTEGER;-1;PHP_INI_SYSTEM;"";;;;;
odbtp.datetime_format;VALUE_TYPE_STRING;object;PHP_INI_ALL;"";;;;;
odbtp.detach_default_queries;VALUE_TYPE_INTEGER;0;PHP_INI_ALL;"";;;;;
odbtp.guid_format;VALUE_TYPE_STRING;string;PHP_INI_ALL;"Available since odbtp 1.1.3.";;;ODBTP;1.1.3;
odbtp.interface_file;VALUE_TYPE_STRING;/usr/local/share/odbtp.conf;PHP_INI_ALL;"";;;;;
odbtp.truncation_errors;VALUE_TYPE_INTEGER;1;PHP_INI_ALL;"";;;;;
opendirectory.default_separator;VALUE_TYPE_STRING;/;PHP_INI_ALL;"Removed in opendirectory 0.2.2.";;;OPENDIRECTORY;;0.2.2
opendirectory.max_refs;VALUE_TYPE_INTEGER;-1;PHP_INI_ALL;"";;;;;
opendirectory.separator;VALUE_TYPE_STRING;/;PHP_INI_ALL;"Available since opendirectory 0.2.2.";;;OPENDIRECTORY;0.2.2;
open_basedir;VALUE_TYPE_STRING;NULL;PHP_INI_ALL;"PHP_INI_SYSTEM in PHP < 5.2.3.";;;;;
oracle.allow_persistent;VALUE_TYPE_INTEGER;-1;PHP_INI_ALL;"Removed in PHP 5.1.0.";;5.1.0;;;
oracle.max_links;VALUE_TYPE_INTEGER;-1;PHP_INI_ALL;"Removed in PHP 5.1.0.";;5.1.0;;;
oracle.max_persistent;VALUE_TYPE_INTEGER;-1;PHP_INI_ALL;"Removed in PHP 5.1.0.";;5.1.0;;;
output_buffering;VALUE_TYPE_INTEGER;0;PHP_INI_PERDIR;"";;;;;
output_handler;VALUE_TYPE_STRING;NULL;PHP_INI_PERDIR;"Available since PHP 4.0.4.";4.0.4;;;;
pam.servicename;VALUE_TYPE_STRING;php;PHP_INI_ALL;"";;;;;
pcre.backtrack_limit;VALUE_TYPE_INTEGER;1000000;PHP_INI_ALL;"Available since PHP 5.2.0.";5.2.0;;;;
pcre.recursion_limit;VALUE_TYPE_INTEGER;100000;PHP_INI_ALL;"Available since PHP 5.2.0.";5.2.0;;;;
pcre.jit;VALUE_TYPE_INTEGER;1;PHP_INI_ALL;"Available since PHP 7.0.0.";7.0.0;;;;
pdo.dsn.*;VALUE_TYPE_STRING;;PHP_INI_SYSTEM;"only Available since PHP 5.1.0.";5.1.0;;;;
pdo_odbc.connection_pooling;VALUE_TYPE_STRING;strict;PHP_INI_ALL;"Available since PHP 5.1.0.";5.1.0;;;;
pdo_odbc.db2_instance_name;VALUE_TYPE_STRING;NULL;PHP_INI_SYSTEM;"Available since PHP 5.1.1. This deprecated feature will certainly be removed in the future.";5.1.1;;;;
pfpro.defaulthost;VALUE_TYPE_STRING;test-payflow.verisign.com;PHP_INI_ALL;"Available since PHP 4.0.2. Removed in PHP 5.1.0.";4.0.2;5.1.0;;;
pfpro.defaultport;VALUE_TYPE_INTEGER;443;PHP_INI_ALL;"Available since PHP 4.0.2. Removed in PHP 5.1.0.";4.0.2;5.1.0;;;
pfpro.defaulttimeout;VALUE_TYPE_INTEGER;30;PHP_INI_ALL;"Available since PHP 4.0.2. Removed in PHP 5.1.0.";4.0.2;5.1.0;;;
pfpro.proxyaddress;VALUE_TYPE_STRING;;PHP_INI_ALL;"Available since PHP 4.0.2. Removed in PHP 5.1.0.";4.0.2;5.1.0;;;
pfpro.proxylogon;VALUE_TYPE_STRING;;PHP_INI_ALL;"Available since PHP 4.0.2. Removed in PHP 5.1.0.";4.0.2;5.1.0;;;
pfpro.proxypassword;VALUE_TYPE_STRING;;PHP_INI_ALL;"Available since PHP 4.0.2. Removed in PHP 5.1.0.";4.0.2;5.1.0;;;
pfpro.proxyport;VALUE_TYPE_STRING;;PHP_INI_ALL;"Available since PHP 4.0.2. Removed in PHP 5.1.0.";4.0.2;5.1.0;;;
pgsql.allow_persistent;VALUE_TYPE_INTEGER;1;PHP_INI_SYSTEM;"";;;;;
pgsql.auto_reset_persistent;VALUE_TYPE_INTEGER;0;PHP_INI_SYSTEM;"Available since PHP 4.2.0.";4.2.0;;;;
pgsql.ignore_notice;VALUE_TYPE_INTEGER;0;PHP_INI_ALL;"Available since PHP 4.3.0.";4.3.0;;;;
pgsql.log_notice;VALUE_TYPE_INTEGER;0;PHP_INI_ALL;"Available since PHP 4.3.0.";4.3.0;;;;
pgsql.max_links;VALUE_TYPE_INTEGER;-1;PHP_INI_SYSTEM;"";;;;;
pgsql.max_persistent;VALUE_TYPE_INTEGER;-1;PHP_INI_SYSTEM;"";;;;;
phar.cache_list;VALUE_TYPE_STRING;;PHP_INI_SYSTEM;"Available since PHP 5.4.0.";5.4.0;;;;
phar.extract_list;VALUE_TYPE_STRING;;PHP_INI_ALL;"Available since phar 1.1.0.";;;PHAR;1.1.0;
phar.readonly;VALUE_TYPE_INTEGER;1;PHP_INI_ALL;"";;;;;
phar.require_hash;VALUE_TYPE_INTEGER;1;PHP_INI_ALL;"";;;;;
post_max_size;VALUE_TYPE_QUANTITY;8M;PHP_INI_PERDIR;"PHP_INI_SYSTEM in PHP <= 4.2.3. Available since PHP 4.0.3.";4.0.3;;;;
precision;VALUE_TYPE_INTEGER;14;PHP_INI_ALL;"";;;;;
python.append_path;VALUE_TYPE_STRING;;PHP_INI_ALL;"";;;;;
python.prepend_path;VALUE_TYPE_STRING;.;PHP_INI_ALL;"";;;;;
realpath_cache_size;VALUE_TYPE_QUANTITY;16K;PHP_INI_SYSTEM;"Available since PHP 5.1.0.";5.1.0;;;;
realpath_cache_ttl;VALUE_TYPE_INTEGER;120;PHP_INI_SYSTEM;"Available since PHP 5.1.0.";5.1.0;;;;
register_argc_argv;VALUE_TYPE_INTEGER;1;PHP_INI_PERDIR;"PHP_INI_ALL in PHP <= 4.2.3.";;;;;
register_globals;VALUE_TYPE_INTEGER;0;PHP_INI_PERDIR;"PHP_INI_ALL in PHP <= 4.2.3. Deprecated in PHP 5.3.0. Removed in PHP 5.4.0.";;5.4.0;;;
register_long_arrays;VALUE_TYPE_INTEGER;1;PHP_INI_PERDIR;"Available since PHP 5.0.0. Deprecated in PHP 5.3.0. Removed in PHP 5.4.0.";5.0.0;5.4.0;;;
report_memleaks;VALUE_TYPE_INTEGER;1;PHP_INI_ALL;"Available since PHP 4.3.0.";4.3.0;;;;
report_zend_debug;VALUE_TYPE_INTEGER;1;PHP_INI_ALL;"Available since PHP 5.0.0.";5.0.0;;;;
request_order;VALUE_TYPE_STRING;;PHP_INI_PERDIR;"Added in PHP 5.3.0";5.3.0;;;;
runkit.internal_override;VALUE_TYPE_INTEGER;0;PHP_INI_SYSTEM;"";;;;;
runkit.superglobal;VALUE_TYPE_STRING;;PHP_INI_PERDIR;"";;;;;
safe_mode;VALUE_TYPE_INTEGER;0;PHP_INI_SYSTEM;"Removed in PHP 5.4.0.";;5.4.0;;;
safe_mode_allowed_env_vars;VALUE_TYPE_STRING;PHP_;PHP_INI_SYSTEM;"Removed in PHP 5.4.0.";;5.4.0;;;
safe_mode_exec_dir;VALUE_TYPE_STRING;;PHP_INI_SYSTEM;"Removed in PHP 5.4.0.";;5.4.0;;;
safe_mode_gid;VALUE_TYPE_INTEGER;0;PHP_INI_SYSTEM;"Available since PHP 4.1.0. Removed in PHP 5.4.0.";4.1.0;5.4.0;;;
safe_mode_include_dir;VALUE_TYPE_STRING;NULL;PHP_INI_SYSTEM;"Available since PHP 4.1.0. Removed in PHP 5.4.0.";4.1.0;5.4.0;;;
safe_mode_protected_env_vars;VALUE_TYPE_STRING;LD_LIBRARY_PATH;PHP_INI_SYSTEM;"Removed in PHP 5.4.0.";;5.4.0;;;
sendmail_from;VALUE_TYPE_STRING;NULL;PHP_INI_ALL;"";;;;;
sendmail_path;VALUE_TYPE_STRING;/usr/sbin/sendmail -t -i;PHP_INI_SYSTEM;"";;;;;
serialize_precision;VALUE_TYPE_INTEGER;-1;PHP_INI_ALL;"Available since PHP 4.3.2. Until PHP 5.3.5, the default value was 100. Until PHP 7.1.0, the default value was 17.";4.3.2;;;;
session.auto_start;VALUE_TYPE_INTEGER;0;PHP_INI_PERDIR;"PHP_INI_ALL in PHP <= 5.4.19 and in PHP <= 5.5.1.";;;;;
session.bug_compat_42;VALUE_TYPE_INTEGER;1;PHP_INI_ALL;"Available since PHP 4.3.0. Removed in PHP 5.4.0.";4.3.0;5.4.0;;;
session.bug_compat_warn;VALUE_TYPE_INTEGER;1;PHP_INI_ALL;"Available since PHP 4.3.0. Removed in PHP 5.4.0.";4.3.0;5.4.0;;;
session.cache_expire;VALUE_TYPE_INTEGER;180;PHP_INI_ALL;"";;;;;
session.cache_limiter;VALUE_TYPE_STRING;nocache;PHP_INI_ALL;"";;;;;
session.cookie_domain;VALUE_TYPE_STRING;;PHP_INI_ALL;"";;;;;
session.cookie_httponly;VALUE_TYPE_STRING;;PHP_INI_ALL;"Available since PHP 5.2.0.";5.2.0;;;;
session.cookie_lifetime;VALUE_TYPE_INTEGER;0;PHP_INI_ALL;"";;;;;
session.cookie_path;VALUE_TYPE_STRING;/;PHP_INI_ALL;"";;;;;
session.cookie_secure;VALUE_TYPE_STRING;;PHP_INI_ALL;"Available since PHP 4.0.4.";4.0.4;;;;
session.entropy_file;VALUE_TYPE_STRING;;PHP_INI_ALL;"";;;;;
session.entropy_length;VALUE_TYPE_INTEGER;0;PHP_INI_ALL;"";;;;;
session.gc_divisor;VALUE_TYPE_INTEGER;100;PHP_INI_ALL;"Available since PHP 4.3.2.";4.3.2;;;;
session.gc_maxlifetime;VALUE_TYPE_INTEGER;1440;PHP_INI_ALL;"";;;;;
session.gc_probability;VALUE_TYPE_INTEGER;1;PHP_INI_ALL;"";;;;;
session.hash_bits_per_character;VALUE_TYPE_INTEGER;4;PHP_INI_ALL;"Available since PHP 5.0.0.";5.0.0;;;;
session.hash_function;VALUE_TYPE_INTEGER;0;PHP_INI_ALL;"Available since PHP 5.0.0.";5.0.0;;;;
session.lazy_write;VALUE_TYPE_INTEGER;1;PHP_INI_ALL;"Available since PHP 7.0.0.";7.0.0;;;;
session.name;VALUE_TYPE_STRING;PHPSESSID;PHP_INI_ALL;"";;;;;
session.referer_check;VALUE_TYPE_STRING;;PHP_INI_ALL;"";;;;;
session.save_handler;VALUE_TYPE_STRING;files;PHP_INI_ALL;"";;;;;
session.save_path;VALUE_TYPE_STRING;;PHP_INI_ALL;"";;;;;
session.serialize_handler;VALUE_TYPE_STRING;php;PHP_INI_ALL;"";;;;;
session.upload_progress.cleanup;VALUE_TYPE_INTEGER;1;PHP_INI_PERDIR;"Available since PHP 5.4.0.";5.4.0;;;;
session.upload_progress.enabled;VALUE_TYPE_INTEGER;1;PHP_INI_PERDIR;"Available since PHP 5.4.0.";5.4.0;;;;
session.upload_progress.freq;VALUE_TYPE_PERCENTAGE;1%;PHP_INI_PERDIR;"Available since PHP 5.4.0.";5.4.0;;;;
session.upload_progress.min_freq;VALUE_TYPE_INTEGER;1;PHP_INI_PERDIR;"Available since PHP 5.4.0.";5.4.0;;;;
session.upload_progress.name;VALUE_TYPE_STRING;PHP_SESSION_UPLOAD_PROGRESS;PHP_INI_PERDIR;"Available since PHP 5.4.0.";5.4.0;;;;
session.upload_progress.prefix;VALUE_TYPE_STRING;upload_progress_;PHP_INI_PERDIR;"Available since PHP 5.4.0.";5.4.0;;;;
session.use_strict_mode;VALUE_TYPE_INTEGER;0;PHP_INI_ALL;"Available since PHP 5.5.2.";5.5.2;;;;
session.use_cookies;VALUE_TYPE_INTEGER;1;PHP_INI_ALL;"";;;;;
session.use_only_cookies;VALUE_TYPE_INTEGER;1;PHP_INI_ALL;"Available since PHP 4.3.0.";4.3.0;;;;
session.use_trans_sid;VALUE_TYPE_INTEGER;0;PHP_INI_ALL;"PHP_INI_ALL in PHP <= 4.2.3. PHP_INI_PERDIR in PHP < 5. Available since PHP 4.0.3.";4.0.3;;;;
session_pgsql.create_table;VALUE_TYPE_INTEGER;1;PHP_INI_SYSTEM;"";;;;;
session_pgsql.db;VALUE_TYPE_STRING;host=localhost dbname=php_session user=nobody;PHP_INI_SYSTEM;"";;;;;
session_pgsql.disable;VALUE_TYPE_INTEGER;0;PHP_INI_SYSTEM;"";;;;;
session_pgsql.failover_mode;VALUE_TYPE_INTEGER;0;PHP_INI_SYSTEM;"";;;;;
session_pgsql.gc_interval;VALUE_TYPE_INTEGER;3600;PHP_INI_SYSTEM;"";;;;;
session_pgsql.keep_expired;VALUE_TYPE_INTEGER;0;PHP_INI_SYSTEM;"";;;;;
session_pgsql.sem_file_name;VALUE_TYPE_STRING;/tmp/php_session_pgsql;PHP_INI_SYSTEM;"";;;;;
session_pgsql.serializable;VALUE_TYPE_INTEGER;0;PHP_INI_SYSTEM;"";;;;;
session_pgsql.short_circuit;VALUE_TYPE_INTEGER;0;PHP_INI_SYSTEM;"";;;;;
session_pgsql.use_app_vars;VALUE_TYPE_INTEGER;0;PHP_INI_SYSTEM;"";;;;;
session_pgsql.vacuum_interval;VALUE_TYPE_INTEGER;21600;PHP_INI_SYSTEM;"";;;;;
short_open_tag;VALUE_TYPE_INTEGER;1;PHP_INI_PERDIR;"PHP_INI_ALL in PHP 4.0.0. PHP_INI_PERDIR in PHP >= 4.0.1.";;;;;
SMTP;VALUE_TYPE_STRING;localhost;PHP_INI_ALL;"";;;;;
smtp_port;VALUE_TYPE_INTEGER;25;PHP_INI_ALL;"Available since PHP 4.3.0.";4.3.0;;;;
soap.wsdl_cache;VALUE_TYPE_INTEGER;1;PHP_INI_ALL;"Available since PHP 5.1.5.";5.1.5;;;;
soap.wsdl_cache_dir;VALUE_TYPE_STRING;/tmp;PHP_INI_ALL;"Available since PHP 5.0.0.";5.0.0;;;;
soap.wsdl_cache_enabled;VALUE_TYPE_INTEGER;1;PHP_INI_ALL;"Available since PHP 5.0.0.";5.0.0;;;;
soap.wsdl_cache_limit;VALUE_TYPE_INTEGER;5;PHP_INI_ALL;"Available since PHP 5.1.5.";5.1.5;;;;
soap.wsdl_cache_ttl;VALUE_TYPE_INTEGER;86400;PHP_INI_ALL;"Available since PHP 5.0.0.";5.0.0;;;;
sql.safe_mode;VALUE_TYPE_INTEGER;0;PHP_INI_SYSTEM;"";;;;;
sqlite.assoc_case;VALUE_TYPE_INTEGER;0;PHP_INI_ALL;"Available since PHP 5.0.0.";5.0.0;;;;
sqlite3.extension_dir;VALUE_TYPE_STRING;;PHP_INI_SYSTEM;"Available since PHP 5.3.11.";5.3.11;;;;
sybase.allow_persistent;VALUE_TYPE_INTEGER;1;PHP_INI_ALL;"PHP_INI_ALL in PHP <= 4.0.2. PHP_INI_SYSTEM in PHP <= 4.0.3.";;;;;
sybase.interface_file;VALUE_TYPE_STRING;;PHP_INI_ALL;"";;;;;
sybase.max_links;VALUE_TYPE_INTEGER;-1;PHP_INI_ALL;"PHP_INI_ALL in PHP <= 4.0.2. PHP_INI_SYSTEM in PHP <= 4.0.3.";;;;;
sybase.max_persistent;VALUE_TYPE_INTEGER;-1;PHP_INI_ALL;"PHP_INI_ALL in PHP <= 4.0.2. PHP_INI_SYSTEM in PHP <= 4.0.3.";;;;;
sybase.min_error_severity;VALUE_TYPE_INTEGER;10;PHP_INI_ALL;"";;;;;
sybase.min_message_severity;VALUE_TYPE_INTEGER;10;PHP_INI_ALL;"";;;;;
sybct.deadlock_retry_count;VALUE_TYPE_INTEGER;0;PHP_INI_ALL;"Available since PHP 4.3.0.";4.3.0;;;;
sybct.login_timeout;VALUE_TYPE_INTEGER;-1;PHP_INI_ALL;"Available since PHP 4.0.2.";4.0.2;;;;
sybct.packet_size;VALUE_TYPE_INTEGER;0;PHP_INI_ALL;"Available since PHP 4.3.5.";4.3.5;;;;
sybct.timeout;VALUE_TYPE_INTEGER;0;PHP_INI_ALL;"Available since PHP 4.0.2.";4.0.2;;;;
sys_temp_dir;VALUE_TYPE_STRING;;PHP_INI_SYSTEM;"Available since PHP 5.5.0.";5.5.0;;;;
sysvshm.init_mem;VALUE_TYPE_INTEGER;10000;PHP_INI_ALL;"";;;;;
tidy.clean_output;VALUE_TYPE_INTEGER;0;PHP_INI_USER;"PHP_INI_PERDIR in PHP 5. Available since PHP 5.0.0.";5.0.0;;;;
tidy.default_config;VALUE_TYPE_STRING;;PHP_INI_SYSTEM;"Available since PHP 5.0.0.";5.0.0;;;;
track_errors;VALUE_TYPE_INTEGER;0;PHP_INI_ALL;"";;;;;
unserialize_callback_func;VALUE_TYPE_STRING;NULL;PHP_INI_ALL;"Available since PHP 4.2.0.";4.2.0;;;;
uploadprogress.file.filename_template;VALUE_TYPE_STRING;/tmp/upt_%s.txt;PHP_INI_ALL;"";;;;;
upload_max_filesize;VALUE_TYPE_QUANTITY;2M;PHP_INI_PERDIR;"PHP_INI_ALL in PHP <= 4.2.3.";;;;;
max_file_uploads;VALUE_TYPE_INTEGER;20;PHP_INI_SYSTEM;"Available since PHP 5.2.12.";5.2.12;;;;
upload_tmp_dir;VALUE_TYPE_STRING;NULL;PHP_INI_SYSTEM;"";;;;;
url_rewriter.tags;VALUE_TYPE_STRING;a=href,area=href,frame=src,form=,fieldset=;PHP_INI_ALL;"Available since PHP 4.0.4.";4.0.4;;;;
user_agent;VALUE_TYPE_STRING;NULL;PHP_INI_ALL;"Available since PHP 4.3.0.";4.3.0;;;;
user_dir;VALUE_TYPE_STRING;NULL;PHP_INI_SYSTEM;"";;;;;
user_ini.cache_ttl;VALUE_TYPE_INTEGER;300;PHP_INI_SYSTEM;"Available since PHP 5.3.0.";5.3.0;;;;
user_ini.filename;VALUE_TYPE_STRING;.user.ini;PHP_INI_SYSTEM;"Available since PHP 5.3.0.";5.3.0;;;;
valkyrie.auto_validate;VALUE_TYPE_INTEGER;0;PHP_INI_ALL;"";;;;;
valkyrie.config_path;VALUE_TYPE_STRING;NULL;PHP_INI_ALL;"";;;;;
variables_order;VALUE_TYPE_STRING;EGPCS;PHP_INI_PERDIR;"PHP_INI_ALL in PHP <= 5.0.5.";;;;;
vld.active;VALUE_TYPE_INTEGER;0;PHP_INI_SYSTEM;"";;;;;
vld.execute;VALUE_TYPE_INTEGER;1;PHP_INI_SYSTEM;"Available since vld 0.8.0.";;;VLD;0.8.0;
vld.skip_append;VALUE_TYPE_INTEGER;0;PHP_INI_SYSTEM;"Available since vld 0.8.0.";;;VLD;0.8.0;
vld.skip_prepend;VALUE_TYPE_INTEGER;0;PHP_INI_SYSTEM;"Available since vld 0.8.0.";;;VLD;0.8.0;
windows.show_crt_warning;VALUE_TYPE_INTEGER;0;PHP_INI_ALL;"Available since PHP 5.4.0.";5.4.0;;;;
xbithack;VALUE_TYPE_INTEGER;0;PHP_INI_ALL;"Available since PHP 4.0.5.";4.0.5;;;;
xdebug.auto_profile;VALUE_TYPE_INTEGER;0;PHP_INI_ALL;"Removed in Xdebug 2.0.0.";;;XDEBUG;;2.0.0
xdebug.auto_profile_mode;VALUE_TYPE_INTEGER;0;PHP_INI_ALL;"Removed in Xdebug 2.0.0.";;;XDEBUG;;2.0.0
xdebug.auto_trace;VALUE_TYPE_INTEGER;0;PHP_INI_ALL;"";;;;;
xdebug.collect_includes;VALUE_TYPE_INTEGER;1;PHP_INI_ALL;"Available since Xdebug 2.0.0.";;;XDEBUG;2.0.0;
xdebug.collect_params;VALUE_TYPE_INTEGER;0;PHP_INI_ALL;"";;;;;
xdebug.collect_return;VALUE_TYPE_INTEGER;0;PHP_INI_ALL;"Available since Xdebug 2.0.0.";;;XDEBUG;2.0.0;
xdebug.collect_vars;VALUE_TYPE_INTEGER;0;PHP_INI_ALL;"Available since Xdebug 2.0.0.";;;XDEBUG;2.0.0;
xdebug.default_enable;VALUE_TYPE_INTEGER;1;PHP_INI_ALL;"PHP_INI_SYSTEM in Xdebug 1.";;;;;
xdebug.dump.COOKIE;VALUE_TYPE_STRING;NULL;PHP_INI_ALL;"";;;;;
xdebug.dump.ENV;VALUE_TYPE_STRING;NULL;PHP_INI_ALL;"";;;;;
xdebug.dump.FILES;VALUE_TYPE_STRING;NULL;PHP_INI_ALL;"";;;;;
xdebug.dump.GET;VALUE_TYPE_STRING;NULL;PHP_INI_ALL;"";;;;;
xdebug.dump.POST;VALUE_TYPE_STRING;NULL;PHP_INI_ALL;"";;;;;
xdebug.dump.REQUEST;VALUE_TYPE_STRING;NULL;PHP_INI_ALL;"";;;;;
xdebug.dump.SERVER;VALUE_TYPE_STRING;NULL;PHP_INI_ALL;"";;;;;
xdebug.dump.SESSION;VALUE_TYPE_STRING;NULL;PHP_INI_ALL;"";;;;;
xdebug.dump_globals;VALUE_TYPE_INTEGER;1;PHP_INI_ALL;"Available since Xdebug 2.0.0.";;;XDEBUG;2.0.0;
xdebug.dump_once;VALUE_TYPE_INTEGER;1;PHP_INI_ALL;"";;;;;
xdebug.dump_undefined;VALUE_TYPE_INTEGER;0;PHP_INI_ALL;"";;;;;
xdebug.extended_info;VALUE_TYPE_INTEGER;1;PHP_INI_SYSTEM;"Available since Xdebug 2.0.0.";;;XDEBUG;2.0.0;
xdebug.idekey;VALUE_TYPE_STRING;;PHP_INI_ALL;"Available since Xdebug 2.0.0.";;;XDEBUG;2.0.0;
xdebug.manual_url;VALUE_TYPE_STRING;http://www.php.net;PHP_INI_ALL;"";;;;;
xdebug.max_nesting_level;VALUE_TYPE_INTEGER;100;PHP_INI_ALL;"";;;;;
xdebug.output_dir;VALUE_TYPE_STRING;/tmp;PHP_INI_PERDIR;"PHP_INI_SYSTEM in Xdebug <= 1.2.0. Removed in Xdebug 2.0.0.";;;XDEBUG;;2.0.0
xdebug.profiler_aggregate;VALUE_TYPE_INTEGER;0;PHP_INI_PERDIR;"Available since Xdebug 2.0.0.";;;XDEBUG;2.0.0;
xdebug.profiler_append;VALUE_TYPE_INTEGER;0;PHP_INI_PERDIR;"Available since Xdebug 2.0.0.";;;XDEBUG;2.0.0;
xdebug.profiler_enable;VALUE_TYPE_INTEGER;0;PHP_INI_PERDIR;"Available since Xdebug 2.0.0.";;;XDEBUG;2.0.0;
xdebug.profiler_enable_trigger;VALUE_TYPE_INTEGER;0;PHP_INI_PERDIR;"Available since Xdebug 2.0.0.";;;XDEBUG;2.0.0;
xdebug.profiler_output_dir;VALUE_TYPE_STRING;/tmp;PHP_INI_PERDIR;"Available since Xdebug 2.0.0.";;;XDEBUG;2.0.0;
xdebug.profiler_output_name;VALUE_TYPE_STRING;cachegrind.out.%p;PHP_INI_PERDIR;"Available since Xdebug 2.0.0.";;;XDEBUG;2.0.0;
xdebug.remote_autostart;VALUE_TYPE_INTEGER;0;PHP_INI_ALL;"Available since Xdebug 2.0.0.";;;XDEBUG;2.0.0;
xdebug.remote_enable;VALUE_TYPE_INTEGER;0;PHP_INI_PERDIR;"";;;;;
xdebug.remote_handler;VALUE_TYPE_STRING;dbgp;PHP_INI_ALL;"";;;;;
xdebug.remote_host;VALUE_TYPE_STRING;localhost;PHP_INI_ALL;"";;;;;
xdebug.remote_log;VALUE_TYPE_STRING;;PHP_INI_ALL;"Available since Xdebug 2.0.0.";;;XDEBUG;2.0.0;
xdebug.remote_mode;VALUE_TYPE_STRING;req;PHP_INI_ALL;"";;;;;
xdebug.remote_port;VALUE_TYPE_INTEGER;9000;PHP_INI_ALL;"";;;;;
xdebug.show_exception_trace;VALUE_TYPE_INTEGER;0;PHP_INI_ALL;"Available since Xdebug 2.0.0.";;;XDEBUG;2.0.0;
xdebug.show_local_vars;VALUE_TYPE_INTEGER;0;PHP_INI_ALL;"Available since Xdebug 2.0.0.";;;XDEBUG;2.0.0;
xdebug.show_mem_delta;VALUE_TYPE_INTEGER;0;PHP_INI_ALL;"Available since Xdebug 2.0.0.";;;XDEBUG;2.0.0;
xdebug.trace_format;VALUE_TYPE_INTEGER;0;PHP_INI_ALL;"Available since Xdebug 2.0.0.";;;XDEBUG;2.0.0;
xdebug.trace_options;VALUE_TYPE_INTEGER;0;PHP_INI_ALL;"Available since Xdebug 2.0.0.";;;XDEBUG;2.0.0;
xdebug.trace_output_dir;VALUE_TYPE_STRING;/tmp;PHP_INI_ALL;"Available since Xdebug 2.0.0.";;;XDEBUG;2.0.0;
xdebug.trace_output_name;VALUE_TYPE_STRING;trace.%c;PHP_INI_ALL;"Available since Xdebug 2.0.0.";;;XDEBUG;2.0.0;
xdebug.var_display_max_children;VALUE_TYPE_INTEGER;128;PHP_INI_ALL;"Available since Xdebug 2.0.0.";;;XDEBUG;2.0.0;
xdebug.var_display_max_data;VALUE_TYPE_INTEGER;512;PHP_INI_ALL;"Available since Xdebug 2.0.0.";;;XDEBUG;2.0.0;
xdebug.var_display_max_depth;VALUE_TYPE_INTEGER;3;PHP_INI_ALL;"Available since Xdebug 2.0.0.";;;XDEBUG;2.0.0;
xmlrpc_errors;VALUE_TYPE_INTEGER;0;PHP_INI_SYSTEM;"Available since PHP 4.1.0.";4.1.0;;;;
xmlrpc_error_number;VALUE_TYPE_INTEGER;0;PHP_INI_ALL;"Available since PHP 4.1.0.";4.1.0;;;;
xmms.path;VALUE_TYPE_STRING;/usr/bin/xmms;PHP_INI_ALL;"";;;;;
xmms.session;VALUE_TYPE_INTEGER;0;PHP_INI_ALL;"";;;;;
xsl.security_prefs;VALUE_TYPE_INTEGER;44;PHP_INI_ALL;"Available since PHP 5.5.0.";5.5.0;;;;
y2k_compliance;VALUE_TYPE_INTEGER;1;PHP_INI_ALL;"Removed in PHP 5.4.0.";;5.4.0;;;
yami.response.timeout;VALUE_TYPE_INTEGER;5;PHP_INI_ALL;"Available since yami 1.0.1.";;;YAMI;1.0.1;
yaz.keepalive;VALUE_TYPE_INTEGER;120;PHP_INI_ALL;"";;;;;
yaz.log_mask;VALUE_TYPE_STRING;NULL;PHP_INI_ALL;"Available since yaz 1.0.3.";;;YAZ;1.0.3;
zend.assertions;VALUE_TYPE_INTEGER;1;PHP_INI_ALL;"Available since PHP 7.0.0.";7.0.0;;;;
zend.detect_unicode;VALUE_TYPE_INTEGER;1;PHP_INI_ALL;"Available since PHP 5.4.0.";5.4.0;;;;
zend.enable_gc;VALUE_TYPE_INTEGER;1;PHP_INI_ALL;"Available since PHP 5.3.0.";5.3.0;;;;
zend.multibyte;VALUE_TYPE_INTEGER;0;PHP_INI_PERDIR;"Available since PHP 5.4.0.";5.4.0;;;;
zend.script_encoding;VALUE_TYPE_STRING;NULL;PHP_INI_ALL;"Available since PHP 5.4.0";5.4.0;;;;
zend.signal_check;VALUE_TYPE_INTEGER;0;PHP_INI_SYSTEM;"Available since PHP 5.4.0";5.4.0;;;;
zend.ze1_compatibility_mode;VALUE_TYPE_INTEGER;0;PHP_INI_ALL;"Available since PHP 5.0.0. Removed in PHP 5.3.0.";5.0.0;5.3.0;;;
zend_extension;VALUE_TYPE_STRING;NULL;PHP_INI_SYSTEM;"only";;;;;
zend_extension_debug;VALUE_TYPE_STRING;NULL;PHP_INI_SYSTEM;"only";;;;;
zend_extension_debug_ts;VALUE_TYPE_STRING;NULL;PHP_INI_SYSTEM;"only";;;;;
zend_extension_ts;VALUE_TYPE_STRING;NULL;PHP_INI_SYSTEM;"only";;;;;
zlib.output_compression;VALUE_TYPE_INTEGER;0;PHP_INI_ALL;"Available since PHP 4.0.5.";4.0.5;;;;
zlib.output_compression_level;VALUE_TYPE_INTEGER;-1;PHP_INI_ALL;"Available since PHP 4.3.0.";4.3.0;;;;
zlib.output_handler;VALUE_TYPE_STRING;;PHP_INI_ALL;"Available since PHP 4.3.0.";4.3.0;;;;
